{"cameraMode":{"drawMode":0,"name":"Shaded","section":"Shading Mode"},"sceneLighting":false,"audioPlay":false,"sceneViewState":{"m_AlwaysRefresh":false,"showFog":true,"showSkybox":false,"showFlares":true,"showImageEffects":true,"showParticleSystems":true,"showVisualEffectGraphs":true,"m_FxEnabled":true},"in2DMode":false,"pivot":{"x":-1.9568850994110108,"y":1.6436667442321778,"z":12.836318969726563},"rotation":{"x":0.1727151721715927,"y":-0.46450847387313845,"z":0.09290441870689392,"w":0.8635722994804382},"size":24.424427032470704,"orthographic":true}