{"cameraMode":{"drawMode":0,"name":"Shaded","section":"Shading Mode"},"sceneLighting":false,"audioPlay":false,"sceneViewState":{"m_AlwaysRefresh":false,"showFog":true,"showSkybox":false,"showFlares":true,"showImageEffects":true,"showParticleSystems":true,"showVisualEffectGraphs":true,"m_FxEnabled":true},"in2DMode":false,"pivot":{"x":1.7082443237304688,"y":0.47285890579223635,"z":14.454872131347657},"rotation":{"x":0.334570974111557,"y":-0.1738838404417038,"z":0.0629313588142395,"w":0.9240024089813232},"size":19.542984008789064,"orthographic":true}