{"cameraMode":{"drawMode":0,"name":"Shaded","section":"Shading Mode"},"sceneLighting":false,"audioPlay":false,"sceneViewState":{"m_AlwaysRefresh":false,"showFog":true,"showSkybox":false,"showFlares":true,"showImageEffects":true,"showParticleSystems":true,"showVisualEffectGraphs":true,"m_FxEnabled":true},"in2DMode":false,"pivot":{"x":7.1165571212768559,"y":9.50948715209961,"z":20.455364227294923},"rotation":{"x":0.4281691014766693,"y":-0.24530449509620667,"z":0.12196826934814453,"w":0.8611794710159302},"size":4.3984174728393559,"orthographic":true}