{"cameraMode":{"drawMode":0,"name":"Shaded","section":"Shading Mode"},"sceneLighting":false,"audioPlay":false,"sceneViewState":{"m_AlwaysRefresh":false,"showFog":true,"showSkybox":false,"showFlares":true,"showImageEffects":true,"showParticleSystems":true,"showVisualEffectGraphs":true,"m_FxEnabled":true},"in2DMode":false,"pivot":{"x":-6.0464558601379398,"y":10.243988037109375,"z":16.589595794677736},"rotation":{"x":0.13029058277606965,"y":-0.4449504613876343,"z":0.06560457497835159,"w":0.8835892677307129},"size":25.820913314819337,"orthographic":true}