{"cameraMode":{"drawMode":0,"name":"Shaded","section":"Shading Mode"},"sceneLighting":false,"audioPlay":false,"sceneViewState":{"m_AlwaysRefresh":false,"showFog":true,"showSkybox":false,"showFlares":true,"showImageEffects":true,"showParticleSystems":true,"showVisualEffectGraphs":true,"m_FxEnabled":true},"in2DMode":false,"pivot":{"x":-0.15597248077392579,"y":0.6412553787231445,"z":10.150885581970215},"rotation":{"x":0.3445512652397156,"y":-0.2926773726940155,"z":0.11399072408676148,"w":0.8846649527549744},"size":10.243121147155762,"orthographic":true}