{"cameraMode":{"drawMode":0,"name":"Shaded","section":"Shading Mode"},"sceneLighting":false,"audioPlay":false,"sceneViewState":{"m_AlwaysRefresh":false,"showFog":true,"showSkybox":false,"showFlares":true,"showImageEffects":true,"showParticleSystems":true,"showVisualEffectGraphs":true,"m_FxEnabled":true},"in2DMode":false,"pivot":{"x":-0.06767752766609192,"y":0.7280318140983582,"z":-0.1694483458995819},"rotation":{"x":0.1260676383972168,"y":-0.4662227928638458,"z":0.06729523092508316,"w":0.8730220794677734},"size":1.3757776021957398,"orthographic":true}