{"cameraMode":{"drawMode":0,"name":"Shaded","section":"Shading Mode"},"sceneLighting":false,"audioPlay":false,"sceneViewState":{"m_AlwaysRefresh":false,"showFog":true,"showSkybox":false,"showFlares":true,"showImageEffects":true,"showParticleSystems":true,"showVisualEffectGraphs":true,"m_FxEnabled":true},"in2DMode":false,"pivot":{"x":-0.2648744583129883,"y":-0.21528887748718263,"z":17.5736026763916},"rotation":{"x":0.15262246131896974,"y":-0.4729747772216797,"z":0.08357704430818558,"w":0.8637188673019409},"size":25.510372161865236,"orthographic":true}