{"cameraMode":{"drawMode":0,"name":"Shaded","section":"Shading Mode"},"sceneLighting":false,"audioPlay":false,"sceneViewState":{"m_AlwaysRefresh":false,"showFog":true,"showSkybox":false,"showFlares":true,"showImageEffects":true,"showParticleSystems":true,"showVisualEffectGraphs":true,"m_FxEnabled":true},"in2DMode":false,"pivot":{"x":-1.5000009536743165,"y":0.7857856750488281,"z":23.225000381469728},"rotation":{"x":0.27975162863731387,"y":-0.25935471057891848,"z":0.07878958433866501,"w":0.9209842085838318},"size":5.339381217956543,"orthographic":true}