{"cameraMode":{"drawMode":0,"name":"Shaded","section":"Shading Mode"},"sceneLighting":false,"audioPlay":false,"sceneViewState":{"m_AlwaysRefresh":false,"showFog":true,"showSkybox":false,"showFlares":true,"showImageEffects":true,"showParticleSystems":true,"showVisualEffectGraphs":true,"m_FxEnabled":true},"in2DMode":false,"pivot":{"x":-0.0005884170532226563,"y":0.9174569845199585,"z":-0.00376679003238678},"rotation":{"x":-0.09035423398017883,"y":0.830158531665802,"z":-0.14105792343616486,"w":-0.53175288438797},"size":1.0967930555343629,"orthographic":true}