{"cameraMode":{"drawMode":0,"name":"Shaded","section":"Shading Mode"},"sceneLighting":false,"audioPlay":false,"sceneViewState":{"m_AlwaysRefresh":false,"showFog":true,"showSkybox":false,"showFlares":true,"showImageEffects":true,"showParticleSystems":true,"showVisualEffectGraphs":true,"m_FxEnabled":true},"in2DMode":false,"pivot":{"x":1.1920928955078126e-7,"y":2.1987247467041017,"z":7.0502166748046879},"rotation":{"x":0.1411353349685669,"y":-0.4055524170398712,"z":0.06352370232343674,"w":0.9008731245994568},"size":10.456511497497559,"orthographic":true}